-- phpMyAdmin SQL Dump
-- version 4.1.14
-- http://www.phpmyadmin.net
--
-- Servidor: 127.0.0.1
-- Tiempo de generación: 03-02-2023 a las 12:45:06
-- Versión del servidor: 5.6.17
-- Versión de PHP: 5.5.12

SET SQL_MODE = "NO_AUTO_VALUE_ON_ZERO";
SET time_zone = "+00:00";


/*!40101 SET @OLD_CHARACTER_SET_CLIENT=@@CHARACTER_SET_CLIENT */;
/*!40101 SET @OLD_CHARACTER_SET_RESULTS=@@CHARACTER_SET_RESULTS */;
/*!40101 SET @OLD_COLLATION_CONNECTION=@@COLLATION_CONNECTION */;
/*!40101 SET NAMES utf8 */;

--
-- Base de datos: `recepcionesbd`
--

-- --------------------------------------------------------

--
-- Estructura de tabla para la tabla `pruebas`
--

CREATE TABLE IF NOT EXISTS `pruebas` (
  `UVT` text CHARACTER SET utf8,
  `Convocatoria` text CHARACTER SET utf8,
  `Año` int(11) DEFAULT NULL,
  `Codigo` text CHARACTER SET utf8,
  `Director` text CHARACTER SET utf8,
  `Monto_Otorgado` text CHARACTER SET utf8,
  `Fecha_Pago` date DEFAULT NULL,
  `Fecha_Vencimiento` date DEFAULT NULL,
  `Duracion` int(11) DEFAULT NULL,
  `Inicio` date DEFAULT NULL,
  `R1` date DEFAULT NULL,
  `I1` tinyint(1) DEFAULT NULL,
  `R2` date DEFAULT NULL,
  `I2` tinyint(1) DEFAULT NULL,
  `R3` date DEFAULT NULL,
  `I3` tinyint(1) DEFAULT NULL,
  `R4` date DEFAULT NULL,
  `I4` tinyint(1) DEFAULT NULL,
  `R5` date DEFAULT NULL,
  `I5` tinyint(1) DEFAULT NULL,
  `R6` date DEFAULT NULL,
  `I6` tinyint(1) DEFAULT NULL,
  `R7` date DEFAULT NULL,
  `I7` tinyint(1) DEFAULT NULL,
  `R8` date DEFAULT NULL,
  `I8` tinyint(1) DEFAULT NULL,
  `R9` date DEFAULT NULL,
  `I9` tinyint(1) DEFAULT NULL,
  `Fecha_Intimacion` text CHARACTER SET utf8,
  `Observacion` text CHARACTER SET utf8,
  `Presento_Final` text CHARACTER SET utf8,
  `Periodo` text CHARACTER SET utf8,
  `Expte_Pago` text CHARACTER SET utf8,
  `Resol_Pago` text CHARACTER SET utf8,
  `Expte_Rend` text CHARACTER SET utf8,
  `Pase_DGA` date DEFAULT NULL,
  `Visible` tinyint(1) DEFAULT NULL
) ENGINE=MyISAM DEFAULT CHARSET=latin1;

--
-- Volcado de datos para la tabla `pruebas`
--

INSERT INTO `pruebas` (`UVT`, `Convocatoria`, `Año`, `Codigo`, `Director`, `Monto_Otorgado`, `Fecha_Pago`, `Fecha_Vencimiento`, `Duracion`, `Inicio`, `R1`, `I1`, `R2`, `I2`, `R3`, `I3`, `R4`, `I4`, `R5`, `I5`, `R6`, `I6`, `R7`, `I7`, `R8`, `I8`, `R9`, `I9`, `Fecha_Intimacion`, `Observacion`, `Presento_Final`, `Periodo`, `Expte_Pago`, `Resol_Pago`, `Expte_Rend`, `Pase_DGA`, `Visible`) VALUES
('IBR', 'CONVOCATORIA', 0, '', '', NULL, NULL, NULL, NULL, NULL, NULL, 0, NULL, 0, NULL, 0, NULL, 0, NULL, 1, NULL, 1, NULL, 0, NULL, 1, NULL, 0, '', '', NULL, '', '', '', '', NULL, 1),
('IBR', 'Investigación Aplicada En Pymes', 2018, 'IA-2018-00036', 'Celia Edilma Machado', '$ 300.000', '2019-04-01', '2021-04-01', 12, '2019-07-26', '2019-08-16', 0, '2019-11-19', 0, NULL, 0, NULL, 0, NULL, 0, NULL, 0, NULL, 0, NULL, 0, NULL, 0, '', '', 'FINAL', '01/04/19-25/11/19', '02201-0005756-0', '031/19', '02201-0006346-8', '2021-05-17', 1),
('IBR', 'Investigación Aplicada En Pymes', 2018, 'IA-2018-00075', 'CALCATERRA NORA B', '$ 298.570', '2019-04-01', '2021-04-01', 12, '2019-07-26', '2019-08-16', 0, '2019-11-19', 0, '2022-02-10', 0, NULL, 0, NULL, 0, NULL, 0, NULL, 0, NULL, 0, NULL, 0, '', '', 'FINAL', '01/10/19-31/12/19', '02201-0005756-0', '031/19', '02201-0006347-9', '2021-12-21', 1),
('IBR', 'Investigación Orientada', 2018, 'IO-2018-00074', 'Gottig Natalia', '$ 200.000', '2020-01-10', '2022-01-10', 18, '2020-08-04', '2021-02-22', 0, '2021-12-06', 0, NULL, 0, NULL, 0, NULL, 0, NULL, 0, NULL, 0, NULL, 0, NULL, 0, '', '', 'FINAL', '01/01/20-31/03/20', '02201-0006468-5', '152/19', '00701-0127125-2', '2022-01-27', 1),
('IBR', 'Investigación Orientada', 2018, 'IO-2018-00296', 'Coux Gabriela', '$ 200.000', '2020-01-10', '2022-01-10', 18, '2020-08-04', '2021-02-22', 0, '2021-12-06', 0, NULL, 0, NULL, 0, NULL, 0, NULL, 0, NULL, 0, NULL, 0, NULL, 0, '', '', 'FINAL', '01/01/20-31/03/20', '02201-0006468-5', '152/19', '00701-0127126-3', '2022-01-27', 1),
('IBR', 'Investigación Orientada', 2018, 'IO-2018-00321', 'Javier Palatnik', '$ 200.000', '2020-01-10', '2022-01-10', 18, '2020-08-04', '2021-02-22', 0, '2021-12-06', 0, '2022-02-11', 0, NULL, 0, NULL, 0, NULL, 0, NULL, 0, NULL, 0, NULL, 0, '', '', 'FINAL', '01/09/21-31/12/21', '02201-0006468-5', '152/19', '00701-0127127-4', '2022-02-22', 1),
('IBR', 'Comunicación de la Ciencia', 2019, 'CC-2019-0031', 'García Véscovi, Eleonora', '$ 260.000', '2022-06-17', '2021-06-17', 12, '2021-10-12', '2021-10-19', 0, '2022-04-19', 0, NULL, 0, NULL, 0, NULL, 0, NULL, 0, NULL, 0, NULL, 0, NULL, 0, '', '', 'FINAL', '08/04/2021-08/04/2022', '00701-0123324-1', '123/21', '00701-0128560-2', '2022-10-21', 1),
('IBR', 'Investigación Aplicada En Pymes', 2019, 'IA-2019-0007', 'Pérez, Leonardo Martín', '$ 290.000', '2021-06-17', '2022-06-17', 12, '2021-10-12', '2021-10-06', 0, '2021-12-28', 0, '2022-04-01', 0, '2022-07-05', 0, NULL, 0, NULL, 0, NULL, 0, NULL, 0, NULL, 0, '', '', 'FINAL', '17/03/2022-17/06/2022', '00701-0122331-4', '078/19', '00701-0126867-2', NULL, 1),
('IBR', 'Investigación Aplicada En Pymes', 2019, 'IA-2019-0035', 'Rodriguez, Eduardo José', '$ 390.000', '2021-06-17', '2022-06-17', 12, '2021-10-12', '2021-10-06', 0, '2022-04-01', 0, '2022-06-03', 0, '2022-10-13', 0, '2022-12-27', 0, NULL, 0, NULL, 0, NULL, 0, NULL, 0, '', '', NULL, '28/08/2022-25/11/2022', '00701-0122331-4', '078/19', '00701-0126869-4', NULL, 1),
('IBR', 'Investigación Orientada', 2019, 'IO-2019-047', 'Cavatorta Ana Laura', '$ 400.000', '2021-07-28', '2023-01-28', 18, '2021-11-22', '2021-11-23', 0, '2022-03-16', 0, '2022-06-03', 0, '2022-09-01', 0, '2022-12-06', 0, NULL, 0, NULL, 0, NULL, 0, NULL, 0, '', '', NULL, '29/07/2022-29/10/2022', '00701-0124684-3', '290/21', '00701-0126978-5', NULL, 1),
('IBR', 'Investigación Orientada', 2019, 'IO-2019-062', 'Pasquali, Laura Margarita', '$ 500.000', '2021-07-28', '2023-01-28', 18, '2021-11-22', '2021-11-23', 0, '2022-03-16', 0, '2022-06-03', 0, '2022-09-01', 0, '2022-12-06', 0, NULL, 0, NULL, 0, NULL, 0, NULL, 0, '', '', NULL, '29/07/2022-29/10/2022', '00701-0124684-3', '290/21', '00701-0126944-2', NULL, 1),
('IBR', 'Investigación Orientada', 2019, 'IO-2019-073', 'CECCARELLI EDUARDO A.', '$ 400.000', '2021-07-28', '2023-01-28', 18, '2021-11-22', '2021-11-23', 0, '2022-03-16', 0, '2022-06-03', 0, '2022-09-01', 0, '2022-12-06', 0, NULL, 0, NULL, 0, NULL, 0, NULL, 0, '', '', NULL, '29/07/2022-29/10/2022', '00701-0124684-3', '290/21', '00701-0126936-1', NULL, 1),
('IBR', 'Investigación Orientada', 2019, 'IO-2019-180', 'Espariz, Martín', '$ 400.000', '2021-07-28', '2023-01-28', 18, '2021-11-22', '2021-11-23', 0, '2022-03-16', 0, '2022-06-03', 0, '2022-09-01', 0, NULL, 0, NULL, 0, NULL, 0, NULL, 0, NULL, 0, '', '', 'FINAL', '29/07/2022-29/10/2022', '00701-0124684-3', '290/21', '00701-0126926-8', NULL, 1),
('IBR', 'Investigación Orientada', 2019, 'IO-2019-190', 'Rosso Silvana Beatriz', '$ 400.000', '2021-07-28', '2023-01-28', 18, '2021-11-22', '2021-11-23', 0, '2022-03-16', 0, '2022-06-03', 0, '2022-09-01', 0, '2022-12-06', 0, NULL, 0, NULL, 0, NULL, 0, NULL, 0, '', '', NULL, '29/07/2022-29/10/2022', '00701-0124684-3', '290/21', '00701-0127008-0', NULL, 1),
('IBR', 'Investigación Orientada', 2019, 'IO-2019-215', 'Eleonora García Véscovi', '$ 400.000', '2021-07-28', '2023-01-28', 18, '2021-11-22', '2021-11-23', 0, '2022-03-16', 0, '2022-06-03', 0, '2022-09-01', 0, NULL, 0, NULL, 0, NULL, 0, NULL, 0, NULL, 0, '', '', 'FINAL', '29/07/2022-29/10/2022', '00701-0124684-3', '290/21', '00701-0126931-6', NULL, 1),
('IBR', 'Investigación Orientada', 2019, 'IO-2019-243', 'Arabolaza Ana Lorena', '$ 400.000', '2021-07-28', '2023-01-28', 18, '2021-11-22', '2021-11-23', 0, '2022-03-16', 0, '2022-06-03', 0, '2022-09-01', 0, '2022-12-06', 0, NULL, 0, NULL, 0, NULL, 0, NULL, 0, '', '', NULL, '29/07/2022-29/10/2022', '00701-0124684-3', '290/21', '00701-0126928-0', NULL, 1),
('IBR', 'Investigación Orientada', 2019, 'IO-2019-249', 'Blancato Victor', '$ 400.000', '2021-07-28', '2023-01-28', 18, '2021-11-22', '2021-11-23', 0, '2022-03-16', 0, '2022-06-03', 0, '2022-09-01', 0, '2022-12-06', 0, NULL, 0, NULL, 0, NULL, 0, NULL, 0, '', '', NULL, '29/07/2022-29/10/2022', '00701-0124684-3', '290/21', '00701-0126933-8', NULL, 1),
('IBR', 'Investigación Orientada', 2019, 'IO-2019-257', 'Giri Adriana', '$ 400.000', '2021-07-28', '2023-01-28', 18, '2021-11-22', '2021-11-23', 0, '2022-03-16', 0, '2022-06-03', 0, '2022-09-01', 0, '2022-12-06', 0, NULL, 0, NULL, 0, NULL, 0, NULL, 0, '', '', NULL, '29/07/2022-29/10/2022', '00701-0124684-3', '290/21', '00701-0126941-9', NULL, 1),
('IBR', 'Investigación Orientada', 2019, 'IO-2019-283', 'Repizo Guillermo Daniel', '$ 400.000', '2021-07-28', '2023-01-28', 18, '2021-11-22', '2021-11-23', 0, '2022-03-16', 0, '2022-06-03', 0, '2022-09-01', 0, '2022-12-06', 0, NULL, 0, NULL, 0, NULL, 0, NULL, 0, '', '', NULL, '29/07/2022-29/10/2022', '00701-0124684-3', '290/21', '00701-0126925-7', NULL, 1);

-- --------------------------------------------------------

--
-- Estructura de tabla para la tabla `recepciones`
--

CREATE TABLE IF NOT EXISTS `recepciones` (
  `UVT` text CHARACTER SET utf8,
  `Convocatoria` text CHARACTER SET utf8,
  `Año` int(11) DEFAULT NULL,
  `Codigo` text CHARACTER SET utf8,
  `Director` text CHARACTER SET utf8,
  `Monto_Otorgado` text CHARACTER SET utf8,
  `Fecha_Pago` date DEFAULT NULL,
  `Fecha_Vencimiento` date DEFAULT NULL,
  `Duracion` int(11) DEFAULT NULL,
  `Inicio` date DEFAULT NULL,
  `R1` date DEFAULT NULL,
  `I1` tinyint(1) DEFAULT NULL,
  `R2` date DEFAULT NULL,
  `I2` tinyint(1) DEFAULT NULL,
  `R3` date DEFAULT NULL,
  `I3` tinyint(1) DEFAULT NULL,
  `R4` date DEFAULT NULL,
  `I4` tinyint(1) DEFAULT NULL,
  `R5` date DEFAULT NULL,
  `I5` tinyint(1) DEFAULT NULL,
  `R6` date DEFAULT NULL,
  `I6` tinyint(1) DEFAULT NULL,
  `R7` date DEFAULT NULL,
  `I7` tinyint(1) DEFAULT NULL,
  `R8` date DEFAULT NULL,
  `I8` tinyint(1) DEFAULT NULL,
  `R9` date DEFAULT NULL,
  `I9` tinyint(1) DEFAULT NULL,
  `Fecha_Intimacion` text CHARACTER SET utf8,
  `Observacion` text CHARACTER SET utf8,
  `Presento_Final` text CHARACTER SET utf8,
  `Periodo` text CHARACTER SET utf8,
  `Expte_Pago` text CHARACTER SET utf8,
  `Resol_Pago` text CHARACTER SET utf8,
  `Expte_Rend` text CHARACTER SET utf8,
  `Pase_DGA` date DEFAULT NULL,
  `Visible` tinyint(1) DEFAULT NULL
) ENGINE=MyISAM DEFAULT CHARSET=latin1;

--
-- Volcado de datos para la tabla `recepciones`
--

INSERT INTO `recepciones` (`UVT`, `Convocatoria`, `Año`, `Codigo`, `Director`, `Monto_Otorgado`, `Fecha_Pago`, `Fecha_Vencimiento`, `Duracion`, `Inicio`, `R1`, `I1`, `R2`, `I2`, `R3`, `I3`, `R4`, `I4`, `R5`, `I5`, `R6`, `I6`, `R7`, `I7`, `R8`, `I8`, `R9`, `I9`, `Fecha_Intimacion`, `Observacion`, `Presento_Final`, `Periodo`, `Expte_Pago`, `Resol_Pago`, `Expte_Rend`, `Pase_DGA`, `Visible`) VALUES
('UNL', 'INNOVAR', 2020, 'INNOVAR-2020-061', NULL, '$ 1.554.480', '2021-07-28', '2022-07-28', 12, '2021-11-22', '2021-11-26', 0, '2022-02-22', 0, '2022-07-25', 0, NULL, 0, NULL, 0, NULL, 0, NULL, 0, NULL, 0, NULL, 0, NULL, NULL, NULL, '28/01/2022-28/04/2022', '00701-0126146-2', '346/21', '00701-0127529-2', NULL, 1),
('UNL', 'INNOVAR', 2020, 'INNOVAR-2020-073', NULL, '$ 2.500.000', '2021-07-28', '2022-07-28', 12, '2021-11-22', '2021-11-26', 0, '2022-02-22', 0, '2022-05-20', 0, '2022-09-06', 0, NULL, 0, NULL, 0, NULL, 0, NULL, 0, NULL, 0, NULL, NULL, 'FINAL', 'No informa', '00701-0126146-2', '346/21', '00701-0127530-6', NULL, 1),
('UNL', 'POES', 2020, 'POES-2020-023', NULL, '$ 1.000.000', '2021-07-28', '2022-07-28', 12, '2021-11-22', '2021-11-17', 0, '2022-02-16', 0, '2022-05-19', 0, '2022-08-17', 0, NULL, 0, NULL, 0, NULL, 0, NULL, 0, NULL, 0, NULL, NULL, 'FINAL', '29/04/2022-28/07/2022', '00701-0126146-2', '346/21', '00701-0127628-0', '2022-09-06', 1),
('UNL', 'INNOVAR', 2020, 'INNOVAR-2020-057', NULL, '$ 2.500.000', '2021-07-28', '2022-07-28', 12, '2021-11-22', '2021-11-26', 0, '2022-02-22', 0, '2022-05-20', 0, '2022-08-23', 0, '2022-10-05', 0, NULL, 0, NULL, 0, NULL, 0, NULL, 0, NULL, NULL, 'FINAL', '30/07/2022-31/07/2022', '00701-0126146-2', '346/21', '00701-0127528-1', NULL, 1),
('UNL', 'DEMES', 2020, 'DEMES-2020-006', NULL, '$ 1.000.000', '2021-07-28', '2022-07-28', 12, '2021-11-22', '2021-11-17', 0, '2022-02-16', 0, '2022-05-16', 0, '2022-08-17', 0, NULL, 0, NULL, 0, NULL, 0, NULL, 0, NULL, 0, NULL, NULL, 'FINAL', '28/01/2022-28/04/2022', '00701-0126146-2', '346/21', '00701-0127616-5', '2022-09-28', 1),
('UNL', 'DEMES', 2020, 'DEMES-2020-007', NULL, '$ 1.000.000', '2021-07-28', '2022-07-28', 12, '2021-11-22', '2021-11-17', 0, '2022-02-16', 0, '2022-05-16', 0, '2022-08-17', 0, NULL, 0, NULL, 0, NULL, 0, NULL, 0, NULL, 0, NULL, NULL, 'FINAL', '28/01/2022-28/04/2022', '00701-0126146-2', '346/21', '00701-0127617-6', '2022-09-28', 1),
('UNL', 'INNOVAR', 2020, 'INNOVAR-2020-021', NULL, '$ 2.500.000', '2021-12-17', '2022-12-17', 12, '2021-11-22', '2022-01-01', 0, '2022-07-04', 0, '2022-09-28', 0, NULL, 0, NULL, 0, NULL, 0, NULL, 0, NULL, 0, NULL, 0, NULL, NULL, 'DE AVANCE', '17/06/2022-16/09/2022', '00701-0126146-2', '733/21', '00701-0130441-3', NULL, 1),
('UNL', 'INNOVAR', 2020, 'INNOVAR-2020-025', NULL, '$ 1.850.000', '2022-07-28', '2022-07-28', 12, '2021-11-22', '2021-11-23', 0, '2022-02-22', 0, '2022-05-16', 0, '2022-08-24', 0, NULL, 0, NULL, 0, NULL, 0, NULL, 0, NULL, 0, NULL, NULL, 'FINAL', '28/04/2022-27/07/2022', '00701-0126146-2', '346/21', '00701-0127521-4', NULL, 1),
('UNL', 'INNOVAR', 2020, 'INNOVAR-2020-031', NULL, '$ 2.030.000', '2021-07-28', '2022-07-28', 12, '2021-11-22', '2021-11-23', 0, NULL, 0, NULL, 0, NULL, 0, NULL, 0, NULL, 0, NULL, 0, NULL, 0, NULL, 0, NULL, NULL, 'RENUNCIO', '04/06/2021-28/10/2021', NULL, NULL, NULL, NULL, 1),
('UNL', 'INNOVAR', 2020, 'INNOVAR-2020-045', NULL, '$ 2.500.000', '2021-07-28', '2022-07-28', 12, '2021-11-22', '2021-11-26', 0, '2022-02-22', 0, '2022-05-20', 0, '2022-08-02', 0, NULL, 0, NULL, 0, NULL, 0, NULL, 0, NULL, 0, NULL, NULL, 'FINAL', '28/04/2022-27/07/2022', '00701-0126146-2', '346/21', '00701-0127523-6', NULL, 1),
('UNL', 'INNOVAR', 2020, 'INNOVAR-2020-048', NULL, '$ 2.136.060', '2021-07-28', '2022-07-28', 12, '2021-11-22', NULL, 0, '2022-02-22', 0, NULL, 0, NULL, 0, NULL, 0, NULL, 0, NULL, 0, NULL, 0, NULL, 0, NULL, NULL, 'RENUNCIO', 'No informa', '00701-0126146-2', '346/21', '00701-0127524-7', NULL, 1),
('UNL', 'INNOVAR', 2020, 'INNOVAR-2020-049', NULL, '$ 2.500.000', '2021-07-28', '2022-07-28', 12, '2021-11-22', '2021-11-23', 0, '2022-02-22', 0, '2022-05-27', 0, '2022-09-06', 0, NULL, 0, NULL, 0, NULL, 0, NULL, 0, NULL, 0, NULL, NULL, 'FINAL', 'No informa', '00701-0126146-2', '346/21', '00701-0127525-8', NULL, 1),
('UNL', 'INNOVAR', 2020, 'INNOVAR-2020-050', NULL, '$ 2.500.000', '2021-07-28', '2022-07-28', 12, '2021-11-22', '2021-11-23', 0, '2022-02-22', 0, '2022-05-16', 0, '2022-08-23', 0, NULL, 0, NULL, 0, NULL, 0, NULL, 0, NULL, 0, NULL, NULL, 'FINAL', '28/04/2022-27/07/2022', '00701-0126146-2', '346/21', '00701-0127526-9', NULL, 1),
('UNL', 'INNOVAR', 2020, 'INNOVAR-2020-055', NULL, '$ 2.250.000', '2021-07-28', '2022-07-28', 12, '2021-11-22', '2021-11-23', 0, '2022-02-22', 0, NULL, 0, NULL, 0, NULL, 0, NULL, 0, NULL, 0, NULL, 0, NULL, 0, NULL, NULL, 'RENUNCIO', '28/10/2020-27/01/2022', '00701-0126146-2', '346/21', '00701-0127527-0', NULL, 1),
('UNL', 'ANR EVENTOS', 2018, 'E-2019-0088', NULL, '$ 30.000', NULL, NULL, NULL, NULL, '2019-10-16', 0, NULL, 0, NULL, 0, NULL, 0, NULL, 0, NULL, 0, NULL, 0, NULL, 0, NULL, 0, NULL, NULL, NULL, '19/9/2019', NULL, NULL, NULL, NULL, 0),
('UNL', 'ANR EVENTOS', 2018, 'E-2019-0096', NULL, '$ 35.000', NULL, NULL, NULL, NULL, '2019-11-01', 0, NULL, 0, NULL, 0, NULL, 0, NULL, 0, NULL, 0, NULL, 0, NULL, 0, NULL, 0, NULL, NULL, NULL, '04-05/10/19', NULL, NULL, NULL, NULL, 0),
('UNL', 'ANR EVENTOS', 2018, 'E-2019-050', NULL, '$ 61.750', NULL, NULL, NULL, NULL, '2019-11-28', 0, NULL, 0, NULL, 0, NULL, 0, NULL, 0, NULL, 0, NULL, 0, NULL, 0, NULL, 0, NULL, NULL, NULL, '05-07/11/2019', NULL, NULL, NULL, NULL, 0),
('UNL', 'DEMES', 2020, 'DEMES-2020-004', NULL, '$ 1.000.000', '2021-07-28', '2022-07-28', 12, '2021-11-22', '2021-11-17', 0, '2022-02-16', 0, '2022-05-19', 0, '2022-08-17', 0, NULL, 0, NULL, 0, NULL, 0, NULL, 0, NULL, 0, NULL, NULL, 'FINAL', '28/04/2022-28/07/2022', '00701-0126146-2', '346/21', '00701-0127614-3', '2022-09-28', 1),
('UNL', 'DEMES', 2020, 'DEMES-2020-005', NULL, '$ 999.760', '2021-07-28', '2022-07-28', 12, '2021-11-22', '2021-11-17', 0, '2022-02-16', 0, '2022-05-19', 0, '2022-08-17', 0, NULL, 0, NULL, 0, NULL, 0, NULL, 0, NULL, 0, NULL, NULL, 'FINAL', '28/04/2022-28/07/2022', '00701-0126146-2', '346/21', '00701-0127615-4', '2022-09-28', 1),
('UNL', 'ANR EVENTOS', 2018, 'E-2019-0055', NULL, '$ 65.000', NULL, NULL, NULL, NULL, '2019-11-25', 0, NULL, 0, NULL, 0, NULL, 0, NULL, 0, NULL, 0, NULL, 0, NULL, 0, NULL, 0, NULL, NULL, NULL, '1-2/11/2019', NULL, NULL, NULL, NULL, 0),
('UNL', 'ANR EVENTOS', 2018, 'E-2019-005', NULL, '$ 65.000', NULL, NULL, NULL, NULL, '2019-06-25', 0, NULL, 0, NULL, 0, NULL, 0, NULL, 0, NULL, 0, NULL, 0, NULL, 0, NULL, 0, NULL, NULL, NULL, '30/05/2019-01-06-2019', NULL, NULL, NULL, NULL, 0),
('UNL', 'ANR EVENTOS', 2018, 'E-2019-0028', NULL, NULL, NULL, NULL, NULL, NULL, '2019-11-14', 0, NULL, 0, NULL, 0, NULL, 0, NULL, 0, NULL, 0, NULL, 0, NULL, 0, NULL, 0, NULL, 'envia factura ate mutual', NULL, '25/11/2019', NULL, NULL, NULL, NULL, 0),
('UNL', 'ANR EVENTOS', 2018, 'E-2019-0046', NULL, '$ 55.000', NULL, NULL, NULL, NULL, '2019-11-25', 0, NULL, 0, NULL, 0, NULL, 0, NULL, 0, NULL, 0, NULL, 0, NULL, 0, NULL, 0, NULL, NULL, NULL, '29-30/10/209', NULL, NULL, NULL, NULL, 0),
('UNL', 'ANR EVENTOS', 2018, 'E-2019-0019', NULL, '$ 56.000', NULL, NULL, NULL, NULL, '2019-11-28', 0, NULL, 0, NULL, 0, NULL, 0, NULL, 0, NULL, 0, NULL, 0, NULL, 0, NULL, 0, NULL, NULL, NULL, '28-29/11/2019', NULL, NULL, NULL, NULL, 0),
('UNL', 'ANR EVENTOS', 2018, 'E-2019-00058', NULL, '$ 50.000', NULL, NULL, NULL, NULL, '2019-11-05', 0, NULL, 0, NULL, 0, NULL, 0, NULL, 0, NULL, 0, NULL, 0, NULL, 0, NULL, 0, NULL, NULL, NULL, '11/10/2019', NULL, NULL, NULL, NULL, 0),
('UNL', 'ANR EVENTOS', 2018, 'E-2019-00040', NULL, '$ 35.000', NULL, NULL, NULL, NULL, '2019-10-09', 0, NULL, 0, NULL, 0, NULL, 0, NULL, 0, NULL, 0, NULL, 0, NULL, 0, NULL, 0, NULL, 'recibo de fact. 12266 y 12268', NULL, '16 Y 17/09/2019', NULL, NULL, NULL, NULL, 0),
('UNL', 'ANR EVENTOS', 2018, 'E-2019-00016', NULL, '$ 65.000', NULL, NULL, NULL, NULL, '2019-10-04', 0, NULL, 0, NULL, 0, NULL, 0, NULL, 0, NULL, 0, NULL, 0, NULL, 0, NULL, 0, NULL, NULL, NULL, '08/09/19-14/09/2019', NULL, NULL, NULL, NULL, 0),
('UNL', 'ANR EVENTOS', 2018, 'E-2019-00037', NULL, '$ 50.000', NULL, NULL, NULL, NULL, '2019-10-04', 0, NULL, 0, NULL, 0, NULL, 0, NULL, 0, NULL, 0, NULL, 0, NULL, 0, NULL, 0, NULL, NULL, NULL, '05/09/19-07/09/19', NULL, NULL, NULL, NULL, 0),
('UNL', 'ANR EVENTOS', 2018, 'E-122-18', NULL, '$ 102.180', NULL, NULL, NULL, NULL, '2018-12-27', 0, NULL, 0, NULL, 0, NULL, 0, NULL, 0, NULL, 0, NULL, 0, NULL, 0, NULL, 0, NULL, NULL, NULL, '26 AL 28/11/2018', NULL, NULL, NULL, NULL, 0),
('UNL', 'ANR EVENTOS', 2018, 'E-113-18', NULL, '$ 25.000', NULL, NULL, NULL, NULL, '2018-11-30', 0, NULL, 0, NULL, 0, NULL, 0, NULL, 0, NULL, 0, NULL, 0, NULL, 0, NULL, 0, NULL, NULL, NULL, '29 Y 30/10/2018', NULL, NULL, NULL, NULL, 0),
('UNL', 'ANR EVENTOS', 2018, 'E-098-18', NULL, NULL, NULL, NULL, NULL, NULL, '2018-11-16', 0, NULL, 0, NULL, 0, NULL, 0, NULL, 0, NULL, 0, NULL, 0, NULL, 0, NULL, 0, NULL, 'presenta documentación faltante y fact. 36163-36180-36217-36140-36306-18527', NULL, NULL, NULL, NULL, NULL, NULL, 0),
('UNL', 'ANR EVENTOS', 2018, 'E-104-18', NULL, '$ 50.000', NULL, NULL, NULL, NULL, '2018-11-16', 0, NULL, 0, NULL, 0, NULL, 0, NULL, 0, NULL, 0, NULL, 0, NULL, 0, NULL, 0, NULL, NULL, NULL, '19/10/2018', NULL, NULL, NULL, NULL, 0),
('UNL', 'ANR EVENTOS', 2018, 'E-109-18', NULL, NULL, NULL, NULL, NULL, NULL, '2018-11-22', 0, NULL, 0, NULL, 0, NULL, 0, NULL, 0, NULL, 0, NULL, 0, NULL, 0, NULL, 0, NULL, NULL, NULL, '22-26/10/2018', NULL, NULL, NULL, NULL, 0),
('UNL', 'ANR EVENTOS', 2018, 'E-091-18', NULL, '$ 50.000', NULL, NULL, NULL, NULL, '2018-11-01', 0, NULL, 0, NULL, 0, NULL, 0, NULL, 0, NULL, 0, NULL, 0, NULL, 0, NULL, 0, NULL, NULL, NULL, '3/10/2018', NULL, NULL, NULL, NULL, 0),
('UNL', 'ANR EVENTOS', 2018, 'E-081-18', NULL, NULL, NULL, NULL, NULL, NULL, '2018-11-12', 0, NULL, 0, NULL, 0, NULL, 0, NULL, 0, NULL, 0, NULL, 0, NULL, 0, NULL, 0, NULL, NULL, NULL, '11 AL 13/10/2018', NULL, NULL, NULL, NULL, 0),
('UNL', 'ANR EVENTOS', 2018, 'E-074-18', NULL, NULL, NULL, NULL, NULL, NULL, '2018-11-01', 0, NULL, 0, NULL, 0, NULL, 0, NULL, 0, NULL, 0, NULL, 0, NULL, 0, NULL, 0, NULL, '9/11/18 presentan fact. Complementarias  974 (3675) y 973 (4715)', NULL, '04-05/10/2018', NULL, NULL, NULL, NULL, 0),
('UNL', 'ANR EVENTOS', 2018, 'E-049-2019', NULL, '$ 39.999', NULL, NULL, NULL, NULL, '2019-06-12', 0, NULL, 0, NULL, 0, NULL, 0, NULL, 0, NULL, 0, NULL, 0, NULL, 0, NULL, 0, NULL, NULL, NULL, '27-28/06/19', NULL, NULL, NULL, NULL, 0),
('UNL', 'ANR EVENTOS', 2018, 'E-050-18', NULL, '$ 50.000', NULL, NULL, NULL, NULL, NULL, 0, NULL, 0, NULL, 0, NULL, 0, NULL, 0, NULL, 0, NULL, 0, NULL, 0, NULL, 0, NULL, NULL, NULL, NULL, NULL, NULL, NULL, NULL, 0),
('UNL', 'ANR EVENTOS', 2018, 'E-051-18', NULL, '$ 25.000', NULL, NULL, NULL, NULL, '2018-09-27', 0, NULL, 0, NULL, 0, NULL, 0, NULL, 0, NULL, 0, NULL, 0, NULL, 0, NULL, 0, NULL, NULL, NULL, '29/08/2018-31/08/2018', NULL, NULL, NULL, NULL, 0),
('UNL', 'ANR EVENTOS', 2018, 'E-0081-2019', NULL, '$ 65.000', NULL, NULL, NULL, NULL, '2019-09-24', 0, NULL, 0, NULL, 0, NULL, 0, NULL, 0, NULL, 0, NULL, 0, NULL, 0, NULL, 0, NULL, NULL, NULL, '22-24/08/2019', NULL, NULL, NULL, NULL, 0),
('UNL', 'ANR EVENTOS', 2018, 'E-019-18', NULL, NULL, NULL, NULL, NULL, NULL, '2018-06-15', 0, NULL, 0, NULL, 0, NULL, 0, NULL, 0, NULL, 0, NULL, 0, NULL, 0, NULL, 0, NULL, NULL, NULL, NULL, NULL, NULL, NULL, NULL, 0),
('UNL', 'ANR EVENTOS', 2018, 'E-025-19', NULL, '$ 43.918', NULL, NULL, NULL, NULL, '2019-07-05', 0, NULL, 0, NULL, 0, NULL, 0, NULL, 0, NULL, 0, NULL, 0, NULL, 0, NULL, 0, NULL, NULL, NULL, '7/6/2019', NULL, NULL, NULL, NULL, 0),
('UNL', 'ANR EVENTOS', 2018, 'E-002-18', NULL, NULL, NULL, NULL, NULL, NULL, '2018-07-06', 0, NULL, 0, NULL, 0, NULL, 0, NULL, 0, NULL, 0, NULL, 0, NULL, 0, NULL, 0, NULL, NULL, NULL, NULL, NULL, NULL, NULL, NULL, 0),
('UNL', 'ANR EVENTOS', 2018, 'E-0069-2019', NULL, NULL, NULL, NULL, NULL, NULL, '2019-10-04', 0, NULL, 0, NULL, 0, NULL, 0, NULL, 0, NULL, 0, NULL, 0, NULL, 0, NULL, 0, NULL, '25/06/19 Envía avales  solicitados // 11/07/2019 presenta factura faltante en rendición presentada. 37702 - 8412', NULL, '01/08 AL 25/09/19', NULL, NULL, NULL, NULL, 0),
('UNL', 'MESET', 2017, 'MST-2017-0043', NULL, '$ 2.698.782', '2018-12-04', '2019-09-04', 9, NULL, '2019-02-05', 0, '2019-05-08', 0, '2019-08-14', 0, '2019-10-18', 0, '2022-02-28', 0, NULL, 0, NULL, 0, NULL, 0, NULL, 0, NULL, 'PRÓRROGA DICIEMBRE 19', 'FINAL', '05/09/2019-13/02/2020', NULL, NULL, NULL, NULL, 0),
('UNL', 'MESET', 2017, 'MST-2017-0042', NULL, '$ 2.295.473', '2018-12-04', '2019-09-04', 9, NULL, '2019-02-05', 0, '2019-05-08', 0, '2019-08-14', 0, '2019-10-18', 0, '2022-02-28', 0, NULL, 0, NULL, 0, NULL, 0, NULL, 0, NULL, 'PRÓRROGA DICIEMBRE 19', 'FINAL', '05/09/2019-12/02/2020', NULL, NULL, NULL, NULL, 0),
('UNL', 'MESET', 2017, 'MST-2017-0018', NULL, '$ 2.700.000', '2018-12-04', '2019-09-04', 9, NULL, '2019-02-05', 0, '2019-05-08', 0, '2019-08-14', 0, '2019-10-18', 0, '2022-02-28', 0, NULL, 0, NULL, 0, NULL, 0, NULL, 0, NULL, 'PRÓRROGA DICIEMBRE 19', 'FINAL', '05/09/2019-14/02/2020', NULL, NULL, NULL, NULL, 0),
('UNL', 'MESET', 2017, 'MST-2017-0005', NULL, '$ 2.700.000', '2018-12-04', '2019-09-04', 9, NULL, '2019-02-05', 0, '2019-05-08', 0, '2019-08-14', 0, '2019-10-18', 0, '2022-02-28', 0, NULL, 0, NULL, 0, NULL, 0, NULL, 0, NULL, 'PRÓRROGA DICIEMBRE 19', 'FINAL', '05/09/2019-14/02/2020', NULL, NULL, NULL, NULL, 0),
('UNL', 'DESARROLLO DE PLANES ESTRATEGICOS PARA PLATAFORMAS DE INNOVACION', 2017, 'PI-005-17', NULL, '$ 50.000', '2018-04-15', '2018-10-15', 6, NULL, '2018-08-07', 0, '2018-11-06', 0, NULL, 0, NULL, 0, NULL, 0, NULL, 0, NULL, 0, NULL, 0, NULL, 0, NULL, NULL, 'FINAL', '01/07/2018-30/09/2018', NULL, NULL, NULL, NULL, 0),
('UNL', 'ANR EVENTOS', 2017, 'E-052-17', NULL, '$ 30.020', '2018-04-18', NULL, NULL, NULL, '2017-12-14', 0, NULL, 0, NULL, 0, NULL, 0, NULL, 0, NULL, 0, NULL, 0, NULL, 0, NULL, 0, NULL, NULL, NULL, NULL, NULL, NULL, NULL, NULL, 0),
('UNL', 'ANR EVENTOS', 2017, 'E-060-17', NULL, '$ 38.022', '2018-04-18', NULL, NULL, NULL, '2017-12-28', 0, NULL, 0, NULL, 0, NULL, 0, NULL, 0, NULL, 0, NULL, 0, NULL, 0, NULL, 0, NULL, NULL, NULL, '12/07/2017   12/07/2017', NULL, NULL, NULL, NULL, 0),
('UNL', 'DESARROLLO DE PLANES ESTRATEGICOS PARA PLATAFORMAS DE INNOVACION', 2017, 'PI-004-17', NULL, '$ 50.000', '2018-04-15', '2018-10-15', 6, NULL, '2018-08-07', 0, '2018-11-06', 0, NULL, 0, NULL, 0, NULL, 0, NULL, 0, NULL, 0, NULL, 0, NULL, 0, NULL, NULL, 'FINAL', '09/03/2018-09/09/2018', NULL, NULL, NULL, NULL, 0),
('UNL', 'ANR EVENTOS', 2017, 'E-049-17', NULL, '$ 39.795', NULL, NULL, NULL, NULL, NULL, 0, NULL, 0, NULL, 0, NULL, 0, NULL, 0, NULL, 0, NULL, 0, NULL, 0, NULL, 0, '28/12/2017 - Solicita observacion del expediente 02201-0004525-5', NULL, NULL, NULL, NULL, NULL, NULL, NULL, 0),
('UNL', 'ANR EVENTOS', 2017, 'E-048-17', NULL, '$ 40.000', '2018-04-18', NULL, NULL, NULL, '2017-12-14', 0, NULL, 0, NULL, 0, NULL, 0, NULL, 0, NULL, 0, NULL, 0, NULL, 0, NULL, 0, NULL, NULL, NULL, NULL, NULL, NULL, NULL, NULL, 0),
('UNL', 'ANR EVENTOS', 2017, 'E-047-17', NULL, '$ 14.996', NULL, NULL, NULL, NULL, '2017-11-23', 0, NULL, 0, NULL, 0, NULL, 0, NULL, 0, NULL, 0, NULL, 0, NULL, 0, NULL, 0, NULL, NULL, NULL, NULL, NULL, NULL, NULL, NULL, 0),
('UNL', 'ANR EVENTOS', 2017, 'E-046-17', NULL, '$ 40.000', NULL, NULL, NULL, NULL, '2017-11-27', 0, '2017-12-14', 0, NULL, 0, NULL, 0, NULL, 0, NULL, 0, NULL, 0, NULL, 0, NULL, 0, '28/12/2017 - Solicita observacion del expediente 02201-0004525-5\r\n', NULL, NULL, NULL, NULL, NULL, NULL, NULL, 0),
('UNL', 'ANR EVENTOS', 2017, 'E-037-17', NULL, '$ 40.000', NULL, NULL, NULL, NULL, '2017-11-06', 0, NULL, 0, NULL, 0, NULL, 0, NULL, 0, NULL, 0, NULL, 0, NULL, 0, NULL, 0, NULL, NULL, NULL, '05-10-2017   06-10-2017', NULL, NULL, NULL, NULL, 0),
('UNL', 'ANR EVENTOS', 2017, 'E-043-17', NULL, '$ 38.148', NULL, NULL, NULL, NULL, '2017-11-24', 0, NULL, 0, NULL, 0, NULL, 0, NULL, 0, NULL, 0, NULL, 0, NULL, 0, NULL, 0, '28/12/2017 - Solicita observacion del expediente 02201-0004525-5', NULL, NULL, NULL, NULL, NULL, NULL, NULL, 0),
('UNL', 'ANR EVENTOS', 2017, 'E-031-17', NULL, '$ 40.000', '2017-12-04', NULL, NULL, NULL, '2017-09-22', 0, NULL, 0, NULL, 0, NULL, 0, NULL, 0, NULL, 0, NULL, 0, NULL, 0, NULL, 0, NULL, NULL, NULL, NULL, NULL, NULL, NULL, NULL, 0),
('UNL', 'ANR EVENTOS', 2017, 'E-024-17', NULL, '$ 35.254', '2018-04-18', NULL, NULL, NULL, '2017-12-20', 0, NULL, 0, NULL, 0, NULL, 0, NULL, 0, NULL, 0, NULL, 0, NULL, 0, NULL, 0, NULL, NULL, NULL, NULL, NULL, NULL, NULL, NULL, 0),
('UNL', 'ANR EVENTOS', 2017, 'E-025-17', NULL, '$ 16.095', '2017-12-04', NULL, NULL, NULL, '2017-10-06', 0, NULL, 0, NULL, 0, NULL, 0, NULL, 0, NULL, 0, NULL, 0, NULL, 0, NULL, 0, NULL, NULL, NULL, NULL, NULL, NULL, NULL, NULL, 0),
('UNL', 'DESARROLLO DE PLANES ESTRATEGICOS PARA PLATAFORMAS DE INNOVACIÓN', 2016, 'PI 013-16', NULL, '$ 50.000', '2017-01-30', '2017-07-30', 6, NULL, '2017-05-05', 0, '2017-08-07', 0, '2017-09-01', 0, '2017-12-04', 0, NULL, 0, NULL, 0, NULL, 0, NULL, 0, NULL, 0, NULL, '01/09/2017 - Falta informe final pidieron prorroga y se lo dieron\r\n15/09/2017 - Presentaron factura 0089-0000691\r\n29/11/2017 - Adjunta recibo y transferencia de devolucion de saldo no ejecutado $216,57', 'FINAL', NULL, NULL, NULL, NULL, NULL, 0),
('UNL', 'ENERGIAS RENOVABLES', 2016, 'ER-013-16', NULL, '$ 50.000', '2017-02-17', '2017-08-17', 6, NULL, '2017-05-05', 0, '2017-08-07', 0, '2017-08-16', 0, NULL, 0, NULL, 0, NULL, 0, NULL, 0, NULL, 0, NULL, 0, NULL, 'Presentan facturas 0001-00000105 y 0001-000027 15/08/2017', 'FINAL', NULL, NULL, NULL, NULL, NULL, 0),
('UNL', 'ANR EVENTOS', 2017, 'E-004-17', NULL, '$ 40.000', NULL, NULL, NULL, NULL, '2017-06-19', 0, NULL, 0, NULL, 0, NULL, 0, NULL, 0, NULL, 0, NULL, 0, NULL, 0, NULL, 0, 'Presentan facturas 0037-39245 y 0037-39246 15/08/2017', NULL, NULL, NULL, NULL, NULL, NULL, NULL, 0),
('UNL', 'ANR EVENTOS', 2016, 'E-023-16', NULL, '$ 30.000', '2017-05-26', NULL, NULL, NULL, '2016-12-16', 0, NULL, 0, NULL, 0, NULL, 0, NULL, 0, NULL, 0, NULL, 0, NULL, 0, NULL, 0, NULL, NULL, 'FINAL', NULL, NULL, NULL, NULL, NULL, 0),
('UNL', 'ANR EVENTOS', 2016, 'E-024-16', NULL, '$ 30.000', '2017-05-26', NULL, NULL, NULL, '2016-12-16', 0, NULL, 0, NULL, 0, NULL, 0, NULL, 0, NULL, 0, NULL, 0, NULL, 0, NULL, 0, NULL, NULL, 'FINAL', NULL, NULL, NULL, NULL, NULL, 0),
('UNL', 'ANR EVENTOS', 2016, 'E-031-17', NULL, NULL, '2017-12-04', NULL, NULL, NULL, '2017-09-22', 0, NULL, 0, NULL, 0, NULL, 0, NULL, 0, NULL, 0, NULL, 0, NULL, 0, NULL, 0, NULL, NULL, 'FINAL', NULL, NULL, NULL, NULL, NULL, 0),
('UNL', 'DESARROLLO DE PLANES ESTRATEGICOS PARA PLATAFORMAS DE INNOVACIÓN', 2016, 'PI 011-16', NULL, '$ 50.000', '2017-01-30', '2017-07-30', 6, NULL, '2017-05-05', 0, '2017-08-07', 0, '2017-09-01', 0, '2017-01-03', 0, NULL, 0, NULL, 0, NULL, 0, NULL, 0, NULL, 0, NULL, '30/08/2017 - Agregaron a R2 gastos de movilidad y factura 0008-00000387\r\n01/09/2017 - Falta informe final pidieron prorroga y se lo dieron\r\n15/09/2017 - Presentaron facturas 0089-0000688\r\n29/11/2017 - Presenta recibo y transferencia de devolucion de fondo $1710,40', 'FINAL', '01/07/2017-30/11/2017', NULL, NULL, NULL, NULL, 0),
('UNL', 'ANR EVENTOS', 2016, 'E-008-16', NULL, '$ 30.000', '2017-02-17', NULL, NULL, NULL, '2016-11-07', 0, NULL, 0, NULL, 0, NULL, 0, NULL, 0, NULL, 0, NULL, 0, NULL, 0, NULL, 0, NULL, NULL, 'FINAL', NULL, NULL, NULL, NULL, NULL, 0),
('UNL', 'ANR EVENTOS', 2016, 'E-017-16', NULL, NULL, NULL, NULL, NULL, NULL, '2016-12-28', 0, NULL, 0, NULL, 0, NULL, 0, NULL, 0, NULL, 0, NULL, 0, NULL, 0, NULL, 0, NULL, 'DADO DE BAJA', 'RENUNCIO', NULL, NULL, NULL, NULL, NULL, 0),
('UNL', 'ANR EVENTOS', 2016, 'E-007-16', NULL, '$ 30.000', '2017-02-17', NULL, NULL, NULL, '2016-11-14', 0, NULL, 0, NULL, 0, NULL, 0, NULL, 0, NULL, 0, NULL, 0, NULL, 0, NULL, 0, NULL, NULL, 'FINAL', NULL, NULL, NULL, NULL, NULL, 0),
('UNL', 'ANR EVENTOS', 2016, 'E-005-16', NULL, '$ 12.000', '2017-05-26', NULL, NULL, NULL, '2016-10-28', 0, NULL, 0, NULL, 0, NULL, 0, NULL, 0, NULL, 0, NULL, 0, NULL, 0, NULL, 0, NULL, 'Formulario de gastos de movilidad\r\n07/04/2017', 'FINAL', NULL, NULL, NULL, NULL, NULL, 0),
('UNL', 'ANR EVENTOS', 2016, 'E-004-17', NULL, '$ 40.000', NULL, NULL, NULL, NULL, '2017-06-19', 0, NULL, 0, NULL, 0, NULL, 0, NULL, 0, NULL, 0, NULL, 0, NULL, 0, NULL, 0, NULL, 'Presentan facturas 0037-39245 y 0037-39246 15/08/2017', 'FINAL', NULL, NULL, NULL, NULL, NULL, 0),
('UNL', 'ANR EVENTOS', 2016, 'E-004-16', NULL, '$ 30.000', '2017-02-17', NULL, NULL, NULL, '2016-10-28', 0, NULL, 0, NULL, 0, NULL, 0, NULL, 0, NULL, 0, NULL, 0, NULL, 0, NULL, 0, NULL, NULL, 'FINAL', NULL, NULL, NULL, NULL, NULL, 0),
('UNL', 'ANR EVENTOS', 2016, 'E-002-16', NULL, '$ 16.283', '2017-02-17', NULL, NULL, NULL, NULL, 0, NULL, 0, NULL, 0, NULL, 0, NULL, 0, NULL, 0, NULL, 0, NULL, 0, NULL, 0, NULL, 'Presentó la rendición noc que fecha', 'FINAL', NULL, NULL, NULL, NULL, NULL, 0),
('UNL', 'INNOVACION PRODUCTIVA', 2015, 'IP-2015-0019', NULL, '$ 793.307', NULL, '2018-06-06', 18, NULL, '2016-08-05', 0, '2016-11-07', 0, '2017-02-06', 0, '2017-05-05', 0, '2017-08-07', 0, '2017-11-06', 0, '2018-02-05', 0, '2018-04-09', 0, NULL, 0, NULL, '15/02/2018 Recibo B002-00002913 - 05/10/2018 Presenta informe técnico final - 19/12/2018 Presenta  Informe de Auditoría \r\n', 'FINAL', '01/07/2018 31/08/2018', NULL, NULL, NULL, NULL, 0),
('UNL', 'INNOVACION PRODUCTIVA', 2015, 'IP-2015-0018', NULL, '$ 1.400.000', NULL, '2018-06-06', 18, NULL, '2016-08-05', 0, '2016-11-07', 0, '2017-02-06', 0, '2017-05-05', 0, '2017-08-07', 0, '2017-11-06', 0, '2018-02-05', 0, '2018-04-09', 0, NULL, 0, NULL, '22/02 Adjuntan recibos faltantes.\r\n31/10/2017 - Respuesta observaciones acta 2/17\r\n04-12-2017 - Respuesta observaciones 11/17 adhoc\r\n', 'FINAL', '01/04/2016 30/09/2017', NULL, NULL, NULL, NULL, 0),
('UNL', 'INNOVACION PRODUCTIVA', 2015, 'IP-2015-0024', NULL, '$ 1.332.654', NULL, '2018-06-06', 18, NULL, '2016-08-05', 0, '2016-11-07', 0, '2017-02-06', 0, '2017-05-05', 0, '2017-08-25', 0, '2017-11-06', 0, '2018-02-19', 0, '2018-04-09', 0, NULL, 0, NULL, '15/09/2017 - Presentó factura 0002-00039481\r\n19/09/2017 - Respuestas a observaciones realizadas en acta 08/17\r\n19/09/2017 - Presenta facturas B 0002-00039481 y recibo 4081-4072\r\n', 'FINAL', '20/04/2016 28/02/2018', NULL, NULL, NULL, NULL, 0),
('UNL', 'INNOVACION PRODUCTIVA', 2015, 'IP-2015-0016', NULL, '$ 1.400.000', NULL, '2018-06-06', 18, NULL, '2016-08-05', 0, '2016-11-07', 0, '2017-02-06', 0, '2017-05-05', 0, '2017-08-07', 0, '2017-11-06', 0, '2018-02-28', 0, NULL, 0, NULL, 0, NULL, '31/08/2016 - Presentó úlitma hoja del informe técnico final.\r\n22/02 adjuntan contraparte\r\n', 'FINAL', '01/10/2017 31/12/2017', NULL, NULL, NULL, NULL, 0),
('UNL', 'INNOVACION PRODUCTIVA', 2015, 'IP-2015-0014', NULL, '$ 1.387.096', NULL, '2018-06-06', 18, NULL, '2016-08-05', 0, '2016-11-07', 0, '2017-02-06', 0, '2017-05-05', 0, '2017-08-07', 0, '2017-11-06', 0, '2018-02-05', 0, '2018-04-09', 0, NULL, 0, NULL, '07/03/2017 Entregan comprobantes faltantes de la rendición\r\n25/08/2017 Manda recibo original de Rincon del Aguila SA\r\n', 'FINAL', '01/10/2017 31/12/2017', NULL, NULL, NULL, NULL, 0),
('UNL', 'INNOVACION PRODUCTIVA', 2015, 'IP-2015-0015', NULL, '$ 537.634', NULL, '2018-06-06', 18, NULL, '2016-08-05', 0, '2016-11-07', 0, '2017-02-06', 0, '2017-05-05', 0, '2017-08-07', 0, '2017-11-21', 0, '2018-02-07', 0, '2018-04-09', 0, NULL, 0, NULL, '10/10/2017 - Respuesta acta 02/17\r\n13/06/2018 - presentacion contraparte\r\n', 'FINAL', '01/10/2017 31/12/2017', NULL, NULL, NULL, NULL, 0),
('IBR', 'Investigación Orientada', 2019, 'IO-2019-249', 'Blancato Victor', '$ 400.000', '2021-07-28', '2023-01-28', 18, '2021-11-22', '2021-11-23', 0, '2022-03-16', 0, '2022-06-03', 0, '2022-09-01', 0, '2022-12-06', 0, NULL, 0, NULL, 0, NULL, 0, NULL, 0, '', '', NULL, '29/07/2022-29/10/2022', '00701-0124684-3', '290/21', '00701-0126933-8', NULL, 1),
('UNL', 'INNOVACION PRODUCTIVA', 2015, 'IP-2015-0005', NULL, '$ 631.634', NULL, '2018-06-06', 18, NULL, '2016-08-05', 0, '2016-11-07', 0, '2017-02-06', 0, '2017-05-05', 0, '2017-08-07', 0, '2018-02-14', 0, '2018-02-14', 0, '2018-04-09', 0, NULL, 0, NULL, 'Mandan respuesta a acta 08/17\r\n', 'FINAL', '01/01/2018 28/02/2018', NULL, NULL, NULL, NULL, 0),
('UNL', 'INNOVACION PRODUCTIVA', 2015, 'IP-2015-0004', NULL, '$ 1.396.614', NULL, '2018-06-06', 18, NULL, '2016-08-05', 0, '2016-11-07', 0, '2017-02-06', 0, '2017-05-05', 0, '2017-08-07', 0, '2017-11-06', 0, '2018-02-05', 0, '2018-04-09', 0, NULL, 0, NULL, '25/08/2017 = Mando recibos de sueldos de contraparte\r\nMandan respuesta a acta 08/17\r\n21/02/2018 - Cambios en una rendición\r\n05/04/2018 - Agregar a la rendición presentada 05/02/2017\r\n09/04/2018 - Falta que envie informe tecnico aclaro en nota con la rrcc\r\n', 'FINAL', '01/10/2017 31/12/2017', NULL, NULL, NULL, NULL, 0),
('UNL', 'INNOVACION PRODUCTIVA', 2014, '05-44-14', NULL, '$ 882.000', NULL, '2016-09-27', 18, NULL, '2015-07-24', 0, '2015-08-05', 0, '2015-11-05', 0, '2016-02-22', 0, '2016-05-20', 0, '2016-08-05', 0, '2016-12-01', 0, NULL, 0, NULL, 0, NULL, 'Los integrantes del grupo de trabajo, se encuentran afectados el 100% del tiempo al proyecto. Se encuentran retrasados en la ejecución.\r\nMandaron respuesta a observaciones 04/08/2017\r\n', 'FINAL', NULL, NULL, NULL, NULL, NULL, 0),
('UNL', 'INNOVACION PRODUCTIVA', 2015, 'IP-2015-0002', NULL, '$ 841.914', NULL, '2018-06-06', 18, NULL, '2016-08-05', 0, '2016-11-07', 0, '2017-02-06', 0, '2017-05-30', 0, '2017-08-07', 0, '2017-11-06', 0, '2018-02-28', 0, '2018-04-09', 0, NULL, 0, NULL, '31/10/2017 - Presentaron observaciones Acta 8/17 y 9/17', 'FINAL', '01/10/2017 31/12/2017', NULL, NULL, NULL, NULL, 0),
('UNL', 'INNOVACION PRODUCTIVA', 2014, '10-56-14', NULL, '$ 1.199.999', NULL, '2016-09-27', 18, NULL, '2015-07-24', 0, '2015-08-05', 0, '2015-11-05', 0, '2016-02-22', 0, '2016-05-20', 0, NULL, 0, NULL, 0, NULL, 0, NULL, 0, NULL, 'NO ENTREGARON RENDICION QUE VENCIA 05/08/2016. ESTÁ CAÍDO EL PROYECTO.\r\n(Mandaron factura de proyecto 0071-00000030 (29/03/2017)\r\n\r\nDEVOLVIERON LA PLATA\r\n(MANDARON NOTA 30/12/2016)\r\n\r\n', 'RENUNCIO', NULL, NULL, NULL, NULL, NULL, 0),
('UNL', 'INNOVACION PRODUCTIVA', 2014, '10-48-14', NULL, '$ 1.200.000', NULL, '2016-09-27', 18, NULL, '2015-07-24', 0, '2015-08-05', 0, '2015-11-05', 0, '2016-02-22', 0, '2016-05-20', 0, '2016-08-05', 0, '2016-11-07', 0, '2017-02-06', 0, '2017-05-05', 0, NULL, 'Se rechazan Gastos de contraparte. Aunque indican un porcentaje de avance de la Solución Tecnológica del 85%, según el cronograma presentado en la formulación se encontraría más retrasado. Respecto a la ejecución de los gastos del ANR tiene un porcentaje alcanzado del 92,96% y los de contraparte un 30,50%.\r\nPresentacion de facturas\r\n13/06/2018 - Rpesuesta a observaciones cedula 28/05/2018\r\n', 'FINAL', NULL, NULL, NULL, NULL, NULL, 0),
('IBR', 'Investigación Orientada', 2019, 'IO-2019-243', 'Arabolaza Ana Lorena', '$ 400.000', '2021-07-28', '2023-01-28', 18, '2021-11-22', '2021-11-23', 0, '2022-03-16', 0, '2022-06-03', 0, '2022-09-01', 0, '2022-12-06', 0, NULL, 0, NULL, 0, NULL, 0, NULL, 0, '', '', NULL, '29/07/2022-29/10/2022', '00701-0124684-3', '290/21', '00701-0126928-0', NULL, 1),
('IBR', 'Investigación Orientada', 2019, 'IO-2019-215', 'Eleonora García Véscovi', '$ 400.000', '2021-07-28', '2023-01-28', 18, '2021-11-22', '2021-11-23', 0, '2022-03-16', 0, '2022-06-03', 0, '2022-09-01', 0, NULL, 0, NULL, 0, NULL, 0, NULL, 0, NULL, 0, '', '', 'FINAL', '29/07/2022-29/10/2022', '00701-0124684-3', '290/21', '00701-0126931-6', NULL, 1),
('IBR', 'Investigación Orientada', 2019, 'IO-2019-190', 'Rosso Silvana Beatriz', '$ 400.000', '2021-07-28', '2023-01-28', 18, '2021-11-22', '2021-11-23', 0, '2022-03-16', 0, '2022-06-03', 0, '2022-09-01', 0, '2022-12-06', 0, NULL, 0, NULL, 0, NULL, 0, NULL, 0, '', '', NULL, '29/07/2022-29/10/2022', '00701-0124684-3', '290/21', '00701-0127008-0', NULL, 1),
('IBR', 'Investigación Orientada', 2019, 'IO-2019-180', 'Espariz, Martín', '$ 400.000', '2021-07-28', '2023-01-28', 18, '2021-11-22', '2021-11-23', 0, '2022-03-16', 0, '2022-06-03', 0, '2022-09-01', 0, NULL, 0, NULL, 0, NULL, 0, NULL, 0, NULL, 0, '', '', 'FINAL', '29/07/2022-29/10/2022', '00701-0124684-3', '290/21', '00701-0126926-8', NULL, 1),
('IBR', 'Investigación Orientada', 2019, 'IO-2019-073', 'CECCARELLI EDUARDO A.', '$ 400.000', '2021-07-28', '2023-01-28', 18, '2021-11-22', '2021-11-23', 0, '2022-03-16', 0, '2022-06-03', 0, '2022-09-01', 0, '2022-12-06', 0, NULL, 0, NULL, 0, NULL, 0, NULL, 0, '', '', NULL, '29/07/2022-29/10/2022', '00701-0124684-3', '290/21', '00701-0126936-1', NULL, 1),
('IBR', 'Investigación Orientada', 2019, 'IO-2019-062', 'Pasquali, Laura Margarita', '$ 500.000', '2021-07-28', '2023-01-28', 18, '2021-11-22', '2021-11-23', 0, '2022-03-16', 0, '2022-06-03', 0, '2022-09-01', 0, '2022-12-06', 0, NULL, 0, NULL, 0, NULL, 0, NULL, 0, '', '', NULL, '29/07/2022-29/10/2022', '00701-0124684-3', '290/21', '00701-0126944-2', NULL, 1),
('IBR', 'Investigación Orientada', 2019, 'IO-2019-047', 'Cavatorta Ana Laura', '$ 400.000', '2021-07-28', '2023-01-28', 18, '2021-11-22', '2021-11-23', 0, '2022-03-16', 0, '2022-06-03', 0, '2022-09-01', 0, '2022-12-06', 0, NULL, 0, NULL, 0, NULL, 0, NULL, 0, '', '', NULL, '29/07/2022-29/10/2022', '00701-0124684-3', '290/21', '00701-0126978-5', NULL, 1),
('IBR', 'Investigación Aplicada En Pymes', 2019, 'IA-2019-0035', 'Rodriguez, Eduardo José', '$ 390.000', '2021-06-17', '2022-06-17', 12, '2021-10-12', '2021-10-06', 0, '2022-04-01', 0, '2022-06-03', 0, '2022-10-13', 0, '2022-12-27', 0, NULL, 0, NULL, 0, NULL, 0, NULL, 0, '', '', NULL, '28/08/2022-25/11/2022', '00701-0122331-4', '078/19', '00701-0126869-4', NULL, 1),
('IBR', 'Investigación Aplicada En Pymes', 2019, 'IA-2019-0007', 'Pérez, Leonardo Martín', '$ 290.000', '2021-06-17', '2022-06-17', 12, '2021-10-12', '2021-10-06', 0, '2021-12-28', 0, '2022-04-01', 0, '2022-07-05', 0, NULL, 0, NULL, 0, NULL, 0, NULL, 0, NULL, 0, '', '', 'FINAL', '17/03/2022-17/06/2022', '00701-0122331-4', '078/19', '00701-0126867-2', NULL, 1),
('IBR', 'Comunicación de la Ciencia', 2019, 'CC-2019-0031', 'García Véscovi, Eleonora', '$ 260.000', '2022-06-17', '2021-06-17', 12, '2021-10-12', '2021-10-19', 0, '2022-04-19', 0, NULL, 0, NULL, 0, NULL, 0, NULL, 0, NULL, 0, NULL, 0, NULL, 0, '', '', 'FINAL', '08/04/2021-08/04/2022', '00701-0123324-1', '123/21', '00701-0128560-2', '2022-10-21', 1),
('IBR', 'Investigación Orientada', 2018, 'IO-2018-00321', 'Javier Palatnik', '$ 200.000', '2020-01-10', '2022-01-10', 18, '2020-08-04', '2021-02-22', 0, '2021-12-06', 0, '2022-02-11', 0, NULL, 0, NULL, 0, NULL, 0, NULL, 0, NULL, 0, NULL, 0, '', '', 'FINAL', '01/09/21-31/12/21', '02201-0006468-5', '152/19', '00701-0127127-4', '2022-02-22', 1),
('IBR', 'Investigación Orientada', 2018, 'IO-2018-00296', 'Coux Gabriela', '$ 200.000', '2020-01-10', '2022-01-10', 18, '2020-08-04', '2021-02-22', 0, '2021-12-06', 0, NULL, 0, NULL, 0, NULL, 0, NULL, 0, NULL, 0, NULL, 0, NULL, 0, '', '', 'FINAL', '01/01/20-31/03/20', '02201-0006468-5', '152/19', '00701-0127126-3', '2022-01-27', 1),
('IBR', 'Investigación Orientada', 2018, 'IO-2018-00074', 'Gottig Natalia', '$ 200.000', '2020-01-10', '2022-01-10', 18, '2020-08-04', '2021-02-22', 0, '2021-12-06', 0, NULL, 0, NULL, 0, NULL, 0, NULL, 0, NULL, 0, NULL, 0, NULL, 0, '', '', 'FINAL', '01/01/20-31/03/20', '02201-0006468-5', '152/19', '00701-0127125-2', '2022-01-27', 1),
('UNL', 'INNOVACION PRODUCTIVA', 2015, 'IP-2015-0017', NULL, '$ 1.400.000', NULL, '2018-06-06', 18, NULL, '2016-08-05', 0, '2016-11-07', 0, '2017-02-06', 0, '2017-05-05', 0, '2019-09-19', 0, '2017-11-21', 0, '2018-02-14', 0, '2018-04-09', 0, NULL, 0, NULL, '31/08/2016 - Presentó certificado final de OBRA \r\nRespuesta de observaciones: 30/05/2017\r\nRespuestas a observaciones acta 8/17: 13/10/2017\r\nRespuesta a observaciones acta 2/17: 13/10/2017-17/09/2018 nota para que se reveean fac. rechazadas\r\n', 'FINAL', '01/04/2016 28/02/2018', NULL, NULL, NULL, NULL, 0),
('IBR', 'Investigación Aplicada En Pymes', 2018, 'IA-2018-00075', 'CALCATERRA NORA B', '$ 298.570', '2019-04-01', '2021-04-01', 12, '2019-07-26', '2019-08-16', 0, '2019-11-19', 0, '2022-02-10', 0, NULL, 0, NULL, 0, NULL, 0, NULL, 0, NULL, 0, NULL, 0, '', '', 'FINAL', '01/10/19-31/12/19', '02201-0005756-0', '031/19', '02201-0006347-9', '2021-12-21', 1),
('IBR', 'Investigación Aplicada En Pymes', 2018, 'IA-2018-00036', 'Celia Edilma Machado', '$ 300.000', '2019-04-01', '2021-04-01', 12, '2019-07-26', '2019-08-16', 0, '2019-11-19', 0, NULL, 0, NULL, 0, NULL, 0, NULL, 0, NULL, 0, NULL, 0, NULL, 0, '', '', 'FINAL', '01/04/19-25/11/19', '02201-0005756-0', '031/19', '02201-0006346-8', '2021-05-17', 1),
('IBR', 'Investigación Orientada', 2019, 'IO-2019-257', 'Giri Adriana', '$ 400.000', '2021-07-28', '2023-01-28', 18, '2021-11-22', '2021-11-23', 0, '2022-03-16', 0, '2022-06-03', 0, '2022-09-01', 0, '2022-12-06', 0, NULL, 0, NULL, 0, NULL, 0, NULL, 0, '', '', NULL, '29/07/2022-29/10/2022', '00701-0124684-3', '290/21', '00701-0126941-9', NULL, 1),
('IBR', 'Investigación Orientada', 2019, 'IO-2019-283', 'Repizo Guillermo Daniel', '$ 400.000', '2021-07-28', '2023-01-28', 18, '2021-11-22', '2021-11-23', 0, '2022-03-16', 0, '2022-06-03', 0, '2022-09-01', 0, '2022-12-06', 0, NULL, 0, NULL, 0, NULL, 0, NULL, 0, '', '', NULL, '29/07/2022-29/10/2022', '00701-0124684-3', '290/21', '00701-0126925-7', NULL, 1);

-- --------------------------------------------------------

--
-- Estructura de tabla para la tabla `registros_backups`
--

CREATE TABLE IF NOT EXISTS `registros_backups` (
  `id` int(11) NOT NULL AUTO_INCREMENT,
  `nombre_archivo` text COLLATE utf8_spanish_ci NOT NULL,
  `lista_uvt` text COLLATE utf8_spanish_ci,
  `lista_convocatorias` text COLLATE utf8_spanish_ci,
  `cantidad_proyectos` int(11) NOT NULL,
  `titulo_backup` text COLLATE utf8_spanish_ci,
  `fecha` timestamp NOT NULL,
  PRIMARY KEY (`id`)
) ENGINE=InnoDB DEFAULT CHARSET=utf8 COLLATE=utf8_spanish_ci AUTO_INCREMENT=1 ;

-- --------------------------------------------------------

--
-- Estructura de tabla para la tabla `uvt`
--

CREATE TABLE IF NOT EXISTS `uvt` (
  `uvt` varchar(100) CHARACTER SET utf8 NOT NULL,
  `Fecha_Creacion` datetime DEFAULT NULL,
  PRIMARY KEY (`uvt`)
) ENGINE=MyISAM DEFAULT CHARSET=latin1;

--
-- Volcado de datos para la tabla `uvt`
--

INSERT INTO `uvt` (`uvt`, `Fecha_Creacion`) VALUES
('UNL', '2022-09-18 23:52:54'),
('IBR', '2023-01-16 21:59:36');

/*!40101 SET CHARACTER_SET_CLIENT=@OLD_CHARACTER_SET_CLIENT */;
/*!40101 SET CHARACTER_SET_RESULTS=@OLD_CHARACTER_SET_RESULTS */;
/*!40101 SET COLLATION_CONNECTION=@OLD_COLLATION_CONNECTION */;
